{
    "1,1": {
        "total_energy_uJ": 859121.4500000001,
        "utilization_percent": 100.0,
        "computes_per_cycle": 15.999999999069143,
        "memory_traffic": 150618597490
    },
    "1,2": {
        "total_energy_uJ": 584243.57,
        "utilization_percent": 100.0,
        "computes_per_cycle": 31.999999968350856,
        "memory_traffic": 146323630194
    },
    "1,4": {
        "total_energy_uJ": 446804.61,
        "utilization_percent": 100.0,
        "computes_per_cycle": 63.99999993670171,
        "memory_traffic": 144176146546
    },
    "1,8": {
        "total_energy_uJ": 378085.13,
        "utilization_percent": 100.0,
        "computes_per_cycle": 127.99999987340342,
        "memory_traffic": 143102404722
    },
    "1,16": {
        "total_energy_uJ": 343725.39,
        "utilization_percent": 100.0,
        "computes_per_cycle": 255.99999784041145,
        "memory_traffic": 142565533810
    },
    "2,1": {
        "total_energy_uJ": 859119.52,
        "utilization_percent": 100.0,
        "computes_per_cycle": 31.999999968350856,
        "memory_traffic": 150601820274
    },
    "2,2": {
        "total_energy_uJ": 584241.6000000001,
        "utilization_percent": 100.0,
        "computes_per_cycle": 63.99999993670171,
        "memory_traffic": 146306852978
    },
    "2,4": {
        "total_energy_uJ": 446802.65,
        "utilization_percent": 100.0,
        "computes_per_cycle": 127.99999987340342,
        "memory_traffic": 144159369330
    },
    "2,8": {
        "total_energy_uJ": 378083.17000000004,
        "utilization_percent": 100.0,
        "computes_per_cycle": 255.99999784041145,
        "memory_traffic": 143085627506
    },
    "2,16": {
        "total_energy_uJ": 343723.44,
        "utilization_percent": 100.0,
        "computes_per_cycle": 511.9999880552414,
        "memory_traffic": 142548756594
    },
    "4,1": {
        "total_energy_uJ": 859115.6000000001,
        "utilization_percent": 100.0,
        "computes_per_cycle": 63.99999993670171,
        "memory_traffic": 150568265842
    },
    "4,2": {
        "total_energy_uJ": 584237.6799999999,
        "utilization_percent": 100.0,
        "computes_per_cycle": 127.99999987340342,
        "memory_traffic": 146273298546
    },
    "4,4": {
        "total_energy_uJ": 446798.72000000003,
        "utilization_percent": 100.0,
        "computes_per_cycle": 255.99999784041145,
        "memory_traffic": 144125814898
    },
    "4,8": {
        "total_energy_uJ": 378079.25,
        "utilization_percent": 100.0,
        "computes_per_cycle": 511.9999880552414,
        "memory_traffic": 143052073074
    },
    "4,16": {
        "total_energy_uJ": 343719.52,
        "utilization_percent": 100.0,
        "computes_per_cycle": 1023.9999761104827,
        "memory_traffic": 142515202162
    },
    "8,1": {
        "total_energy_uJ": 859107.77,
        "utilization_percent": 100.0,
        "computes_per_cycle": 127.99999987340342,
        "memory_traffic": 150501156978
    },
    "8,2": {
        "total_energy_uJ": 584229.8500000001,
        "utilization_percent": 100.0,
        "computes_per_cycle": 255.99999784041145,
        "memory_traffic": 146206189682
    },
    "8,4": {
        "total_energy_uJ": 446790.91000000003,
        "utilization_percent": 100.0,
        "computes_per_cycle": 511.9999880552414,
        "memory_traffic": 144058706034
    },
    "8,8": {
        "total_energy_uJ": 378071.43,
        "utilization_percent": 100.0,
        "computes_per_cycle": 1023.9999761104827,
        "memory_traffic": 142984964210
    },
    "8,16": {
        "total_energy_uJ": 343711.69,
        "utilization_percent": 99.99999000333978,
        "computes_per_cycle": 2047.9998302116705,
        "memory_traffic": 142448093298
    },
    "16,1": {
        "total_energy_uJ": 859092.1100000001,
        "utilization_percent": 100.0,
        "computes_per_cycle": 255.99999784041145,
        "memory_traffic": 150366939250
    },
    "16,2": {
        "total_energy_uJ": 584214.2,
        "utilization_percent": 100.0,
        "computes_per_cycle": 511.9999880552414,
        "memory_traffic": 146071971954
    },
    "16,4": {
        "total_energy_uJ": 446775.24,
        "utilization_percent": 100.0,
        "computes_per_cycle": 1023.9999761104827,
        "memory_traffic": 143924488306
    },
    "16,8": {
        "total_energy_uJ": 378055.78,
        "utilization_percent": 99.99999000333978,
        "computes_per_cycle": 2047.9998302116705,
        "memory_traffic": 142850746482
    },
    "16,16": {
        "total_energy_uJ": 343696.02999999997,
        "utilization_percent": 99.99998000191593,
        "computes_per_cycle": 4095.999172386249,
        "memory_traffic": 142313875570
    }
}