{
    "CSR": {
        "total_energy_uJ": 343696.02999999997,
        "utilization_percent": 99.99998000191593,
        "computes_per_cycle": 4095.999172386249,
        "memory_traffic": 142313875570
    },
    "COO": {
        "total_energy_uJ": 343696.02999999997,
        "utilization_percent": 99.99998000191593,
        "computes_per_cycle": 4095.999172386249,
        "memory_traffic": 142313875570
    }
}